Workbook

Sheet Sign-off
A1: PMU-D7 — PMU and always-on signoff
A2: Sign-off for PMU-D7, produced by PMU-07 PMU and Always-On Signoff. Work through the Checklist first; this sheet counts it. See Guide for how to use the workbook.
A4: Document control
A5: Programme
A6: Deliverable | B6: PMU-D7 — PMU and always-on signoff
A7: Stage | B7: Power Management, Clocks & Always-On
A8: Producing activity | B8: PMU-07 — PMU and Always-On Signoff
A9: Activity owner | B9: Analog design lead
A10: Version
A11: Date issued for review
A13: Readiness — counted from the Checklist
A14: Items to confirm | B14: =SUMPRODUCT(--(LEN(Checklist!$C$4:$C$36)>0)) -> 23
A15: Owner status — Pass | B15: =COUNTIFS(Checklist!$C$4:$C$36,"<>",Checklist!$H$4:$H$36,"Pass") -> 0
A16: Owner status — Waived | B16: =COUNTIFS(Checklist!$C$4:$C$36,"<>",Checklist!$H$4:$H$36,"Waived") -> 0
A17: Owner status — N/A | B17: =COUNTIFS(Checklist!$C$4:$C$36,"<>",Checklist!$H$4:$H$36,"N/A") -> 0
A18: Owner status — Fail | B18: =COUNTIFS(Checklist!$C$4:$C$36,"<>",Checklist!$H$4:$H$36,"Fail") -> 0
A19: Owner status — Open or blank | B19: =COUNTIFS(Checklist!$C$4:$C$36,"<>",Checklist!$H$4:$H$36,"Open")+COUNTIFS(Checklist!$C$4:$C$36,"<>",Checklist!$H$4:$H$36,"") -> 23
A20: Stage lead — Confirmed | B20: =COUNTIFS(Checklist!$C$4:$C$36,"<>",Checklist!$J$4:$J$36,"Confirmed") -> 0
A21: Stage lead — Rejected | B21: =COUNTIFS(Checklist!$C$4:$C$36,"<>",Checklist!$J$4:$J$36,"Rejected") -> 0
A22: Stage lead — Pending or blank | B22: =COUNTIFS(Checklist!$C$4:$C$36,"<>",Checklist!$J$4:$J$36,"Pending")+COUNTIFS(Checklist!$C$4:$C$36,"<>",Checklist!$J$4:$J$36,"") -> 23
A23: Confirmed so far | B23: =IF(B14=0,0,B20/B14) -> 0
A24: Rows flagged on the Checklist | B24: =SUMPRODUCT(--(LEN(Checklist!$N$4:$N$36)>0)) -> 0
A25: Critical or High issues still Open | B25: =COUNTIFS('Open issues'!$D$4:$D$43,"Critical",'Open issues'!$G$4:$G$43,"Open")+COUNTIFS('Open issues'!$D$4:$D$43,"High",'Open issues'!$G$4:$G$43,"Open") -> 0
A26: Waivers without an approver | B26: =COUNTIFS(Waivers!$A$4:$A$33,"<>",Waivers!$G$4:$G$33,"") -> 0
A27: Suggested outcome | B27: =IF(OR(B18>0,B21>0,B25>0),"Not ready — blocking items",IF(AND(B14>0,B20=B14,B24=0,B26=0),"Ready to sign off","In review")) -> In review
A29: Final decision — stage lead
A30: Decision
A31: Conditions (if any)
A32: Stage lead
A33: Decided on
A34: Consistency check | B34: =IF(AND(B30="Signed off",B27<>"Ready to sign off"),"Signed off while the checklist is not ready — record the reason in Conditions","")
A36: Sign-off by role
A37: Role | B37: Name | C37: Decision | D37: Date | E37: Comment
A38: Analog design lead
A39: Reliability signoff engineer
A40: Power delivery engineer
A41: Power architect
A42: Physical design lead

Sheet Checklist
A1: PMU-D7 checklist — confirm every item on its evidence
A2: Owners fill Result, Evidence, Evidence owner and Owner status. The stage lead then confirms or rejects each item, naming who confirmed it and when. Yellow cells are for input; grey cells come from the template. The Flag column names any row that cannot yet be confirmed as filled in.
A3: ID | B3: Section | C3: Item | D3: Target / acceptance | E3: Result or measured value | F3: Evidence — link or file name | G3: Evidence owner | H3: Owner status | I3: Waiver ID | J3: Stage lead confirmation | K3: Stage lead comment | L3: Confirmed by | M3: Confirmed on | N3: Flag
A4: B-01 | B4: Baseline | C4: Analog macro view release (regulators, POR/BOR, oscillators, PLL) | D4: Version, tag or ID recorded | H4: Open | J4: Pending | N4: =IF(C4="","",IF(AND(J4="Confirmed",F4=""),"Evidence missing",IF(AND(H4="Waived",I4=""),"Waiver ID missing",IF(AND(J4="Rejected",K4=""),"Comment required",IF(AND(J4="Confirmed",OR(H4="Fail",H4="Open",H4="")),"Confirmed without a passing status",IF(AND(OR(J4="Confirmed",J4="Rejected"),L4=""),"Confirmed by missing",IF(AND(J4="Confirmed",M4=""),"Date missing","")))))))
A5: B-02 | B5: Baseline | C5: Top-level database and run signed off on | D5: Version, tag or ID recorded | H5: Open | J5: Pending | N5: =IF(C5="","",IF(AND(J5="Confirmed",F5=""),"Evidence missing",IF(AND(H5="Waived",I5=""),"Waiver ID missing",IF(AND(J5="Rejected",K5=""),"Comment required",IF(AND(J5="Confirmed",OR(H5="Fail",H5="Open",H5="")),"Confirmed without a passing status",IF(AND(OR(J5="Confirmed",J5="Rejected"),L5=""),"Confirmed by missing",IF(AND(J5="Confirmed",M5=""),"Date missing","")))))))
A6: B-03 | B6: Baseline | C6: ESD / latch-up rule deck version | D6: Version, tag or ID recorded | H6: Open | J6: Pending | N6: =IF(C6="","",IF(AND(J6="Confirmed",F6=""),"Evidence missing",IF(AND(H6="Waived",I6=""),"Waiver ID missing",IF(AND(J6="Rejected",K6=""),"Comment required",IF(AND(J6="Confirmed",OR(H6="Fail",H6="Open",H6="")),"Confirmed without a passing status",IF(AND(OR(J6="Confirmed",J6="Rejected"),L6=""),"Confirmed by missing",IF(AND(J6="Confirmed",M6=""),"Date missing","")))))))
A7: B-04 | B7: Baseline | C7: Energy budget version (PMU-D6) | D7: Version, tag or ID recorded | H7: Open | J7: Pending | N7: =IF(C7="","",IF(AND(J7="Confirmed",F7=""),"Evidence missing",IF(AND(H7="Waived",I7=""),"Waiver ID missing",IF(AND(J7="Rejected",K7=""),"Comment required",IF(AND(J7="Confirmed",OR(H7="Fail",H7="Open",H7="")),"Confirmed without a passing status",IF(AND(OR(J7="Confirmed",J7="Rejected"),L7=""),"Confirmed by missing",IF(AND(J7="Confirmed",M7=""),"Date missing","")))))))
A8: E-01 | B8: Entry criteria | C8: Macros released from PMU-05 | D8: Met | H8: Open | J8: Pending | N8: =IF(C8="","",IF(AND(J8="Confirmed",F8=""),"Evidence missing",IF(AND(H8="Waived",I8=""),"Waiver ID missing",IF(AND(J8="Rejected",K8=""),"Comment required",IF(AND(J8="Confirmed",OR(H8="Fail",H8="Open",H8="")),"Confirmed without a passing status",IF(AND(OR(J8="Confirmed",J8="Rejected"),L8=""),"Confirmed by missing",IF(AND(J8="Confirmed",M8=""),"Date missing","")))))))
A9: E-02 | B9: Entry criteria | C9: Energy budget verified in PMU-06 | D9: Met | H9: Open | J9: Pending | N9: =IF(C9="","",IF(AND(J9="Confirmed",F9=""),"Evidence missing",IF(AND(H9="Waived",I9=""),"Waiver ID missing",IF(AND(J9="Rejected",K9=""),"Comment required",IF(AND(J9="Confirmed",OR(H9="Fail",H9="Open",H9="")),"Confirmed without a passing status",IF(AND(OR(J9="Confirmed",J9="Rejected"),L9=""),"Confirmed by missing",IF(AND(J9="Confirmed",M9=""),"Date missing","")))))))
A10: E-03 | B10: Entry criteria | C10: First top-level runs available from EPD-01 and EPD-03 | D10: Met | H10: Open | J10: Pending | N10: =IF(C10="","",IF(AND(J10="Confirmed",F10=""),"Evidence missing",IF(AND(H10="Waived",I10=""),"Waiver ID missing",IF(AND(J10="Rejected",K10=""),"Comment required",IF(AND(J10="Confirmed",OR(H10="Fail",H10="Open",H10="")),"Confirmed without a passing status",IF(AND(OR(J10="Confirmed",J10="Rejected"),L10=""),"Confirmed by missing",IF(AND(J10="Confirmed",M10=""),"Date missing","")))))))
A11: C-01 | B11: Checks | C11: ESD on every supply pin — HBM and CDM | D11: Meets the pin classification target | H11: Open | J11: Pending | N11: =IF(C11="","",IF(AND(J11="Confirmed",F11=""),"Evidence missing",IF(AND(H11="Waived",I11=""),"Waiver ID missing",IF(AND(J11="Rejected",K11=""),"Comment required",IF(AND(J11="Confirmed",OR(H11="Fail",H11="Open",H11="")),"Confirmed without a passing status",IF(AND(OR(J11="Confirmed",J11="Rejected"),L11=""),"Confirmed by missing",IF(AND(J11="Confirmed",M11=""),"Date missing","")))))))
A12: C-02 | B12: Checks | C12: Latch-up spacing around the regulators and I/O | D12: No violations | H12: Open | J12: Pending | N12: =IF(C12="","",IF(AND(J12="Confirmed",F12=""),"Evidence missing",IF(AND(H12="Waived",I12=""),"Waiver ID missing",IF(AND(J12="Rejected",K12=""),"Comment required",IF(AND(J12="Confirmed",OR(H12="Fail",H12="Open",H12="")),"Confirmed without a passing status",IF(AND(OR(J12="Confirmed",J12="Rejected"),L12=""),"Confirmed by missing",IF(AND(J12="Confirmed",M12=""),"Date missing","")))))))
A13: C-03 | B13: Checks | C13: Electromigration on regulator outputs and supply straps | D13: Clean at the hot corner | H13: Open | J13: Pending | N13: =IF(C13="","",IF(AND(J13="Confirmed",F13=""),"Evidence missing",IF(AND(H13="Waived",I13=""),"Waiver ID missing",IF(AND(J13="Rejected",K13=""),"Comment required",IF(AND(J13="Confirmed",OR(H13="Fail",H13="Open",H13="")),"Confirmed without a passing status",IF(AND(OR(J13="Confirmed",J13="Rejected"),L13=""),"Confirmed by missing",IF(AND(J13="Confirmed",M13=""),"Date missing","")))))))
A14: C-04 | B14: Checks | C14: Analog macros clean in top-level DRC and LVS | D14: Zero errors or waived | H14: Open | J14: Pending | N14: =IF(C14="","",IF(AND(J14="Confirmed",F14=""),"Evidence missing",IF(AND(H14="Waived",I14=""),"Waiver ID missing",IF(AND(J14="Rejected",K14=""),"Comment required",IF(AND(J14="Confirmed",OR(H14="Fail",H14="Open",H14="")),"Confirmed without a passing status",IF(AND(OR(J14="Confirmed",J14="Rejected"),L14=""),"Confirmed by missing",IF(AND(J14="Confirmed",M14=""),"Date missing","")))))))
A15: C-05 | B15: Checks | C15: POR and brown-out thresholds in context | D15: Match the power architecture specification | H15: Open | J15: Pending | N15: =IF(C15="","",IF(AND(J15="Confirmed",F15=""),"Evidence missing",IF(AND(H15="Waived",I15=""),"Waiver ID missing",IF(AND(J15="Rejected",K15=""),"Comment required",IF(AND(J15="Confirmed",OR(H15="Fail",H15="Open",H15="")),"Confirmed without a passing status",IF(AND(OR(J15="Confirmed",J15="Rejected"),L15=""),"Confirmed by missing",IF(AND(J15="Confirmed",M15=""),"Date missing","")))))))
... A26: F-05 | B26: Failure modes | C26: Sleep current not re-checked after integration. Leakage paths added at the top level raise the deep-sleep number the macro met on its own. | D26: Addressed — say how in the result | H26: Open | J26: Pending | N26: =IF(C26="","",IF(AND(J26="Confirmed",F26=""),"Evidence missing",IF(AND(H26="Waived",I26=""),"Waiver ID missing",IF(AND(J26="Rejected",K26=""),"Comment required",IF(AND(J26="Confirmed",OR(H26="Fail",H26="Open",H26="")),"Confirmed without a passing status",IF(AND(OR(J26="Confirmed",J26="Rejected"),L26=""),"Confirmed by missing",IF(AND(J26="Confirmed",M26=""),"Date missing","")))))))
N27: =IF(C27="","",IF(AND(J27="Confirmed",F27=""),"Evidence missing",IF(AND(H27="Waived",I27=""),"Waiver ID missing",IF(AND(J27="Rejected",K27=""),"Comment required",IF(AND(J27="Confirmed",OR(H27="Fail",H27="Open",H27="")),"Confirmed without a passing status",IF(AND(OR(J27="Confirmed",J27="Rejected"),L27=""),"Confirmed by missing",IF(AND(J27="Confirmed",M27=""),"Date missing","")))))))
N28: =IF(C28="","",IF(AND(J28="Confirmed",F28=""),"Evidence missing",IF(AND(H28="Waived",I28=""),"Waiver ID missing",IF(AND(J28="Rejected",K28=""),"Comment required",IF(AND(J28="Confirmed",OR(H28="Fail",H28="Open",H28="")),"Confirmed without a passing status",IF(AND(OR(J28="Confirmed",J28="Rejected"),L28=""),"Confirmed by missing",IF(AND(J28="Confirmed",M28=""),"Date missing","")))))))
N29: =IF(C29="","",IF(AND(J29="Confirmed",F29=""),"Evidence missing",IF(AND(H29="Waived",I29=""),"Waiver ID missing",IF(AND(J29="Rejected",K29=""),"Comment required",IF(AND(J29="Confirmed",OR(H29="Fail",H29="Open",H29="")),"Confirmed without a passing status",IF(AND(OR(J29="Confirmed",J29="Rejected"),L29=""),"Confirmed by missing",IF(AND(J29="Confirmed",M29=""),"Date missing","")))))))
N30: =IF(C30="","",IF(AND(J30="Confirmed",F30=""),"Evidence missing",IF(AND(H30="Waived",I30=""),"Waiver ID missing",IF(AND(J30="Rejected",K30=""),"Comment required",IF(AND(J30="Confirmed",OR(H30="Fail",H30="Open",H30="")),"Confirmed without a passing status",IF(AND(OR(J30="Confirmed",J30="Rejected"),L30=""),"Confirmed by missing",IF(AND(J30="Confirmed",M30=""),"Date missing","")))))))
N31: =IF(C31="","",IF(AND(J31="Confirmed",F31=""),"Evidence missing",IF(AND(H31="Waived",I31=""),"Waiver ID missing",IF(AND(J31="Rejected",K31=""),"Comment required",IF(AND(J31="Confirmed",OR(H31="Fail",H31="Open",H31="")),"Confirmed without a passing status",IF(AND(OR(J31="Confirmed",J31="Rejected"),L31=""),"Confirmed by missing",IF(AND(J31="Confirmed",M31=""),"Date missing","")))))))
N32: =IF(C32="","",IF(AND(J32="Confirmed",F32=""),"Evidence missing",IF(AND(H32="Waived",I32=""),"Waiver ID missing",IF(AND(J32="Rejected",K32=""),"Comment required",IF(AND(J32="Confirmed",OR(H32="Fail",H32="Open",H32="")),"Confirmed without a passing status",IF(AND(OR(J32="Confirmed",J32="Rejected"),L32=""),"Confirmed by missing",IF(AND(J32="Confirmed",M32=""),"Date missing","")))))))
N33: =IF(C33="","",IF(AND(J33="Confirmed",F33=""),"Evidence missing",IF(AND(H33="Waived",I33=""),"Waiver ID missing",IF(AND(J33="Rejected",K33=""),"Comment required",IF(AND(J33="Confirmed",OR(H33="Fail",H33="Open",H33="")),"Confirmed without a passing status",IF(AND(OR(J33="Confirmed",J33="Rejected"),L33=""),"Confirmed by missing",IF(AND(J33="Confirmed",M33=""),"Date missing","")))))))
N34: =IF(C34="","",IF(AND(J34="Confirmed",F34=""),"Evidence missing",IF(AND(H34="Waived",I34=""),"Waiver ID missing",IF(AND(J34="Rejected",K34=""),"Comment required",IF(AND(J34="Confirmed",OR(H34="Fail",H34="Open",H34="")),"Confirmed without a passing status",IF(AND(OR(J34="Confirmed",J34="Rejected"),L34=""),"Confirmed by missing",IF(AND(J34="Confirmed",M34=""),"Date missing","")))))))
N35: =IF(C35="","",IF(AND(J35="Confirmed",F35=""),"Evidence missing",IF(AND(H35="Waived",I35=""),"Waiver ID missing",IF(AND(J35="Rejected",K35=""),"Comment required",IF(AND(J35="Confirmed",OR(H35="Fail",H35="Open",H35="")),"Confirmed without a passing status",IF(AND(OR(J35="Confirmed",J35="Rejected"),L35=""),"Confirmed by missing",IF(AND(J35="Confirmed",M35=""),"Date missing","")))))))
N36: =IF(C36="","",IF(AND(J36="Confirmed",F36=""),"Evidence missing",IF(AND(H36="Waived",I36=""),"Waiver ID missing",IF(AND(J36="Rejected",K36=""),"Comment required",IF(AND(J36="Confirmed",OR(H36="Fail",H36="Open",H36="")),"Confirmed without a passing status",IF(AND(OR(J36="Confirmed",J36="Rejected"),L36=""),"Confirmed by missing",IF(AND(J36="Confirmed",M36=""),"Date missing","")))))))

Sheet Open issues
A1: Open issues
A2: Anything that stops an item being confirmed. Link it to the checklist item it blocks. A Critical or High issue left Open blocks the sign-off.
A3: Issue ID | B3: Description | C3: Linked item ID | D3: Severity | E3: Owner | F3: Due | G3: Status | H3: Disposition

Sheet Waivers
A1: Waivers
A2: Every item whose Owner status is Waived needs a row here, and every waiver needs an approver. A waiver without one blocks the sign-off.
A3: Waiver ID | B3: Linked item ID | C3: Check or rule waived | D3: Justification | E3: Risk accepted | F3: Condition or expiry | G3: Approved by | H3: Approved on

Sheet Conditions for reopening
A1: Conditions for reopening
A2: The first top-level runs are not the final ones. List what change reopens this signoff.
A3: Trigger | B3: What is re-checked | C3: Owner

Sheet Handover
A1: Handover
A2: Who receives PMU-D7, and what they take from it. The receiving owner records receipt.
A3: Receiving activity | B3: What it takes from this deliverable | C3: Received by | D3: Received on
A4: ESO-05 — Static and Dynamic EM / IR-Drop Signoff
A5: ESO-06 — ESD, Latch-Up, and Soft Error / FIT Verification
A6: EBU-02 — Power-On, Power Sequencing, and Basic Health Check
A7: EBU-03 — Reset, Clocking, and PLL Lock Validation

Sheet Guide
A1: How to use this workbook
A2: PMU-D7 is signed off on evidence, item by item. This sheet says who fills what.
A4: 1. Owners | B4: On the Checklist, for each item: write the Result or measured value, the Evidence (a link to the report, dashboard or file name), who owns that evidence, and set Owner status. Waived needs a Waiver ID that exists on the Waivers sheet.
A5: 2. Stage lead | B5: Review each item against its evidence. Set Stage lead confirmation to Confirmed, or Rejected with a comment saying what is missing. Name who confirmed it in Confirmed by, and date every confirmation.
A6: 3. Flags | B6: The Flag column names any row that is not yet supported: evidence missing, a waiver without an ID, a rejection without a comment, a confirmation of a failing item, a confirmation or rejection nobody put their name to, or an undated confirmation. Clear every flag.
A7: 4. Issues and waivers | B7: Record anything blocking an item on Open issues, linked by item ID. A Critical or High issue left Open, or a waiver without an approver, holds the gate.
A8: 5. Final decision | B8: The Sign-off sheet counts the Checklist and suggests an outcome. The stage lead records the Decision, any conditions, and the date. Each role then records its own decision.
A9: 6. Handover | B9: Attach the completed workbook to this deliverable's Handover in AtlasPM and date the handover when it is accepted.
A11: Yellow cells | B11: Input — fill these in.
A12: Grey cells | B12: Given by the template from the activity write-up — do not edit.
A13: Owner status | B13: Pass — meets the target. Fail — does not. Waived — does not, and a waiver accepts it. N/A — does not apply, with the reason in Result. Open — not yet assessed.
A14: Lead confirmation | B14: Pending — not yet reviewed. Confirmed — the evidence supports the status. Rejected — it does not; the comment says why.
A16: Example row
A17: Item | B17: Macro pin timing — setup and hold, all signoff corners
A18: Target | B18: Within vendor limits, no negative slack
A19: Result | B19: Worst setup slack +42 ps (ss_0p72v_125c); worst hold +18 ps (ff_0p88v_m40c)
A20: Evidence | B20: sta/turn3/emram_pins_summary.rpt (run 2027-05-14)
A21: Evidence owner | B21: Timing closure lead
A22: Owner status | B22: Pass
A23: Stage lead | B23: Confirmed — 2027-05-16
